{
  "version": "1.0.0",
  "trainedAt": "2026-03-03T17:55:42.913260+00:00",
  "labels": [
    "Calm",
    "Stressed",
    "Fear",
    "Panic"
  ],
  "features": [
    "heartRate",
    "hrv",
    "motionMagnitude",
    "motionAbsSum",
    "hrToHrvRatio",
    "hrTimesMotionMagnitude"
  ],
  "means": [
    95.46479781965833,
    33.94979248425252,
    1.3231494661559149,
    2.055671830682055,
    4.310536687953353,
    147.06628014411416
  ],
  "stds": [
    22.741014978809933,
    16.56380631777184,
    1.2340738777803817,
    1.9630781726901798,
    4.067924835922431,
    168.1155294013586
  ],
  "weights": {
    "Calm": [
      -1.294539237270809,
      1.7238727886659946,
      -0.4029917154000048,
      -0.39342230120818966,
      -0.2632119771881907,
      -0.20761427530968807
    ],
    "Stressed": [
      0.15328272021967704,
      -1.0985004773924623,
      -0.16411899878132344,
      -0.05215333230140562,
      -1.0988636827656344,
      -0.5927006225776454
    ],
    "Fear": [
      0.7130971100732525,
      -1.2916530406475342,
      0.10697222288135484,
      0.09445553985267528,
      -0.4475610153886996,
      -0.4614506409559757
    ],
    "Panic": [
      0.4633651483537873,
      0.14177721998582501,
      0.2805086403829256,
      0.195682444838665,
      0.8140970803613706,
      0.6048684129809329
    ]
  },
  "bias": {
    "Calm": -1.7377285795372457,
    "Stressed": -1.006178271180051,
    "Fear": -1.5333653758705552,
    "Panic": -2.60800004920364
  },
  "metrics": {
    "holdoutAccuracy": 0.8975,
    "samples": 2000
  }
}